scenario,policy,n,wall_s,wall_sd_s,mean_width,planning_ms
access_limited,balanced,3,2.7413275333043807,0.0033642682686917265,1.0,0.003866696109374364
access_limited,fixed,3,2.7390557000180706,0.002490907314412659,1.0,0.0036666945864756904
access_limited,independent,3,1.3698269333302353,0.001603606645109474,0.5,3.3088333439081907
access_limited,joint,3,1.3690395333105698,0.001736454617329762,0.5,3.348833338047067
access_limited,path,3,2.7387152333200597,0.004691104851096954,1.0,2.9237333219498396
access_limited,width,3,1.3683956999642153,0.001625902709563357,0.5,0.6302333204075694
compute_straggler,balanced,3,1.751707833376713,0.00365071401237244,1.0,0.004066620022058487
compute_straggler,fixed,3,1.8052808666834608,0.00042971490910396565,1.0,0.0034666542584697404
compute_straggler,independent,3,0.799032499974904,0.0008935134825724128,0.8333333333333334,3.089300007559359
compute_straggler,joint,3,0.8022189333181208,0.0039416104200994465,0.8333333333333334,3.0021666704366603
compute_straggler,path,3,1.8080410000014429,0.004142060012116016,1.0,2.769433349991838
compute_straggler,width,3,0.7990683333094543,0.0013125728906737306,0.8333333333333334,0.46310003381222486
mixed,balanced,3,1.8346622333629057,0.009722127456738809,1.0,0.0038999520863095922
mixed,fixed,3,2.127953733317554,0.0006499095122238208,1.0,0.0034666930635770163
mixed,independent,3,0.9274271666072309,0.0074662391355221755,0.6666666666666666,3.134633336837093
mixed,joint,3,0.9339962666466212,0.004121277971629988,0.8333333333333334,3.17763335381945
mixed,path,3,2.056509833356055,0.007521681385696463,1.0,3.4121666491652527
mixed,width,3,1.058567633270286,0.00047230703780890823,0.6666666666666666,0.5105666738624374
relay_congestion,balanced,3,0.41465619998052716,0.005247679168786958,1.0,0.00466670220096906
relay_congestion,fixed,3,1.5882051667043318,0.002543150590542236,1.0,0.0035666938250263533
relay_congestion,independent,3,0.41511820000596344,0.002194749130722707,1.0,3.8926666990543404
relay_congestion,joint,3,0.4137655333227788,0.0007460997121908887,1.0,2.9961332911625504
relay_congestion,path,3,0.41263873331869644,0.0015974067149866363,1.0,2.997433301061392
relay_congestion,width,3,1.5949810333161925,0.005052742157384015,1.0,0.39036665111780167
